Location,Time_point,Plant,Replicate,d15N,d13C,perctN,perctC,ratioCN
Top,0,A,1,1.7,-22.5,5.6,47.2,8.4
Top,0,A,2,1.5,-22,5.7,47.4,8.4
Top,0,A,3,1.9,-21.8,5.2,44,8.5
Mid,0,A,1,1.9,-21.7,3.9,34.2,8.8
Mid,0,A,2,2,-21.9,5.2,44.7,8.6
Mid,0,A,3,2.3,-21.9,4.2,38.5,9.1
Bottom,0,A,1,1.9,-21.8,4.4,38.6,8.7
Bottom,0,A,2,1.6,-21.8,3.1,27.1,8.6
Bottom,0,A,3,1.1,-21,3.8,39.8,10.3
Holdfast,0,A,H,0.5,-20.9,3.7,37.2,10.1
Top,0,B,1,1.8,-22.2,5.2,44.5,8.6
Top,0,B,2,1.8,-22,5.2,45.1,8.7
Top,0,B,3,2,-22.1,5.3,47.5,8.9
Mid,0,B,1,2,-21.6,4.9,44.3,9
Mid,0,B,2,1.8,-21.7,5,45.6,9.2
Mid,0,B,3,1.8,-21.3,4.6,43.7,9.5
Bottom,0,B,1,1.8,-21.8,4.3,40.2,9.3
Bottom,0,B,2,1.9,-21.2,4.3,39.1,9.2
Bottom,0,B,3,1.8,-20.7,3.9,40.5,10.4
Holdfast,0,B,H,0.8,-19.7,3.7,42.3,11.5
Top,0,C,1,1.2,-22,5.3,45.6,8.5
Top,0,C,2,1.4,-21.5,4.1,37.5,9.1
Top,0,C,3,1.2,-22,4.8,41.7,8.7
Mid,0,C,1,1.5,-20.1,4.2,40.3,9.7
Mid,0,C,2,2,-21.2,4.5,42,9.3
Mid,0,C,3,1.7,-20.9,4,39,9.8
Bottom,0,C,1,0.9,-22.6,3.8,35.2,9.4
Bottom,0,C,2,1.3,-21.3,3.8,39.3,10.3
Bottom,0,C,3,1.3,-20.9,3.6,38.7,10.7
Holdfast,0,C,H,0.6,-21.6,3.6,41.1,11.3
Top,0,D,1,2.4,-17.9,4.5,42.2,9.4
Top,0,D,2,2.1,-17.4,4.2,39.3,9.3
Top,0,D,3,0.9,-22.3,5.8,47.9,8.3
Mid,0,D,1,2.5,-18.1,4.6,42.2,9.1
Mid,0,D,2,1.9,-18.1,4.1,37.4,9.1
Mid,0,D,3,1.1,-17.3,3.8,35.8,9.3
Bottom,0,D,1,1.8,-18.3,3.5,32.6,9.4
Bottom,0,D,2,1.3,-17,2.8,28.4,10.1
Bottom,0,D,3,1.2,-17.6,2.9,31.8,10.9
Holdfast,0,D,H,1,-17.7,3.6,39.5,11
Top,0,E,1,0.9,-22.9,6.5,52.4,8
Top,0,E,2,0.8,-22.3,5.9,47.4,8
Top,0,E,3,,,,,
Mid,0,E,1,1.2,-22.1,10.1,83.8,8.3
Mid,0,E,2,1.7,-17,2.9,33.8,11.6
Mid,0,E,3,1,-22,5.7,47.2,8.2
Bottom,0,E,1,1.1,-21.5,3.3,29.9,9.1
Bottom,0,E,2,0.9,-20.8,3.1,30.3,9.8
Bottom,0,E,3,0.6,-21.1,4.1,38.6,9.3
Holdfast,0,E,H,0.8,-20.6,2.3,22.6,9.7
Top,0,F,1,1.4,-20.5,5.1,45.3,8.9
Top,0,F,2,0.9,-20.8,5.3,47.5,8.9
Top,0,F,3,1.5,-21.8,6,49.4,8.3
Mid,0,F,1,1.4,-20.8,4.3,33.3,7.7
Mid,0,F,2,1.1,-20,3.7,33,8.9
Mid,0,F,3,0.9,-20.4,4.4,37.7,8.7
Bottom,0,F,1,1.2,-20,3.3,29.7,8.9
Bottom,0,F,2,1.6,-20.4,5,41.9,8.4
Bottom,0,F,3,0.9,-21.6,3.9,34.8,8.9
Holdfast,0,F,H,0.8,-20,3.5,31.5,9
Top,15,A,1,0.5,-18.9,3.2,28.9,9.1
Top,15,A,2,0.3,-19.6,3.5,31,8.8
Top,15,A,3,-0.1,-19.9,5.3,49,9.2
Mid,15,A,1,0.5,-19.9,3.6,32.9,9.2
Mid,15,A,2,-0.2,-19.4,2.3,20.7,9.1
Mid,15,A,3,0.7,-19.1,2.6,23.5,9.1
Bottom,15,A,1,0.7,-18.5,3,29,9.6
Bottom,15,A,2,0.8,-19.2,3.6,35.4,9.9
Bottom,15,A,3,1,-19.7,3,30.3,10.1
Holdfast,15,A,H,0.4,-18.6,2.6,27.2,10.4
Top,15,B,1,0.9,-19.9,2.9,33.2,11.6
Top,15,B,2,0.5,-19.9,2.7,32.1,11.9
Top,15,B,3,0.5,-19,2.6,32,12.5
Mid,15,B,1,0.7,-19.4,2.3,25,11
Mid,15,B,2,0.5,-19.5,2.9,31.2,10.9
Mid,15,B,3,0.7,-19.2,2.2,27.1,12.2
Bottom,15,B,1,1.1,-18.9,2.7,29.6,11.1
Bottom,15,B,2,1.2,-19,2.6,30.2,11.5
Bottom,15,B,3,1.5,-18.4,2.4,31.3,12.8
Holdfast,15,B,H,0.9,-18,2.4,28,11.6
Top,15,C,1,-0.3,-19.9,3.2,29.4,9.2
Top,15,C,2,-0.4,-20.6,5.2,43.4,8.4
Top,15,C,3,-0.4,-20.3,5.1,45.7,9
Mid,15,C,1,-0.4,-19.4,2.9,27,9.5
Mid,15,C,2,-0.1,-19.1,2.9,27.6,9.6
Mid,15,C,3,-0.1,-19.3,3.3,31.9,9.7
Bottom,15,C,1,0.1,-18.7,2.6,26.1,10.1
Bottom,15,C,2,0,-19.2,3,31.3,10.3
Bottom,15,C,3,0.3,-19.1,3.1,33.4,10.6
Holdfast,15,C,H,0.5,-19.5,3.3,34.8,10.5
Top,15,D,1,0.6,-18.6,2.4,26.8,11.3
Top,15,D,2,0.2,-18.2,1.9,20.2,10.7
Top,15,D,3,1,-17.7,2.7,31.1,11.6
Mid,15,D,1,1.1,-17.8,2.7,30.9,11.3
Mid,15,D,2,0.9,-18,2.9,30.9,10.8
Mid,15,D,3,0.7,-17.3,3,38.3,12.7
Bottom,15,D,1,0.5,-17.6,2.8,28.9,10.4
Bottom,15,D,2,0.9,-17.2,2.7,35.4,13.1
Bottom,15,D,3,-0.4,-18.1,3.2,34.4,10.8
Holdfast,15,D,H,0.7,-17.4,3,33.3,11.1
Top,15,E,1,0,-19.2,4,33,8.3
Top,15,E,2,0.1,-18.3,3.6,30.3,8.4
Top,15,E,3,-0.3,-18.3,3.4,28.9,8.4
Mid,15,E,1,-0.2,-19.1,3.7,30.8,8.3
Mid,15,E,2,-0.1,-19,2.8,24.9,9
Mid,15,E,3,-0.3,-19.3,3.8,33.5,8.9
Bottom,15,E,1,0.2,-19.6,4.6,41.5,9
Bottom,15,E,2,0,-18.9,3.6,32.3,8.9
Bottom,15,E,3,-0.1,-18.4,3.8,37,9.8
Holdfast,15,E,H,0.3,-18.7,3.4,34.1,10.1
Top,15,F,1,-0.8,-19.8,3.8,29.6,7.8
Top,15,F,2,-0.9,-19.1,3.4,28.3,8.4
Top,15,F,3,-0.3,-19.4,4,34.5,8.7
Mid,15,F,1,-0.6,-19,3.3,28.2,8.6
Mid,15,F,2,-1.3,-19.7,2.8,21.8,7.9
Mid,15,F,3,-0.9,-19.1,2.7,21.3,7.8
Bottom,15,F,1,0.1,-18,2.7,24,8.8
Bottom,15,F,2,0,-17.6,3,25.5,8.5
Bottom,15,F,3,-0.2,-17.4,3.1,25.3,8.1
Holdfast,15,F,H,0.2,-17.9,3.2,28.7,9
