Treatment,Time_point,Days,Plot ,Replicate ,ID,d15N,d13C,perctN,perctC,ratioCN
Enriched,0,0,A,1,A1,2.1696,-18.445169,5.179158332,48.66730783,9.396759998
Enriched,0,0,A,2,A2,1.6556,-18.202862,5.293552852,47.97395198,9.062713326
Enriched,0,0,A,3,A3,1.9006,-18.025301,3.667670093,44.68419397,12.18326426
Enriched,0,0,A,4,A4,2.2526,-17.819291,3.256017877,37.86883839,11.63041476
Enriched,0,0,A,5,A5,2.6126,-17.449454,4.038181893,43.91358301,10.87459262
Enriched,0,0,A,6,A6,1.7556,-15.357962,2.840416309,33.51325333,11.79871177
Enriched,0,0,A,7,A7,2.0076,-17.721191,5.265056539,49.46694073,9.395329445
Enriched,0,0,A,8,A8,2.0416,-18.538364,4.664003415,45.39422256,9.732887934
Enriched,0,0,B,1,B1,2.3806,-15.646376,3.864440341,44.13914561,11.4218727
Enriched,0,0,B,2,B2,2.4566,-15.889664,3.890137525,40.79224093,10.48606654
Enriched,0,0,B,3,B3,2.0566,-18.218558,3.409162245,38.24615951,11.2186387
Enriched,0,0,B,4,B4,1.7146,-18.089066,4.792346001,43.94727647,9.170305413
Enriched,0,0,B,5,B5,2.7946,-18.052769,3.439052437,39.3874257,11.45298783
Enriched,0,0,B,6,B6,2.2876,-16.357601,3.742151618,38.10648729,10.18304205
Enriched,0,0,B,7,B7,2.6416,-18.710039,4.313352731,41.7319867,9.675069325
Enriched,0,0,B,8,B8,3.0006,-17.799671,5.078517124,47.09096331,9.272581377
Enriched,0,0,C,1,C1,2.4366,-17.238539,3.183327811,44.35045059,13.93210289
Enriched,0,0,C,2,C2,2.2456,-17.684894,2.812127604,40.77501432,14.49970274
Enriched,0,0,C,3,C3,1.9776,-20.090306,4.751311347,47.21030475,9.936268392
Enriched,0,0,C,4,C4,2.9936,-19.667495,3.525291624,39.60511948,11.23456545
Enriched,0,0,C,5,C5,2.8126,-18.273494,2.766558303,35.49398583,12.82965401
Enriched,0,0,C,6,C6,2.4936,-16.91579,4.563401824,46.7745597,10.24993229
Enriched,0,0,C,7,C7,3.3096,-18.768899,5.328087619,46.11219627,8.654549168
Enriched,0,0,C,8,C8,2.4536,-17.681951,3.576023197,39.59202948,11.07152479
Control,0,0,A,1,A1,1.3646,-18.382385,4.878153292,42.0373905,8.617480423
Control,0,0,A,2,A2,2.4156,-17.254235,3.074793222,30.11216764,9.793233388
Control,0,0,A,3,A3,2.5266,-16.095674,3.144559084,31.96234498,10.16433278
Control,0,0,A,4,A4,2.1396,-18.506972,3.43735333,40.53457196,11.79237863
Control,0,0,A,5,A5,2.3666,-15.940676,3.964797461,42.31095468,10.67165602
Control,0,0,A,6,A6,2.7846,-16.063301,4.383183703,45.07391637,10.28337378
Control,0,0,A,7,A7,2.6186,-18.87779,2.319836618,23.50233375,10.13102973
Control,0,0,A,8,A8,2.6986,-18.753203,2.236282592,24.96285738,11.16265783
Control,0,0,B,1,B1,2.5866,-18.943517,4.076712604,41.61066905,10.20691746
Control,0,0,B,2,B2,2.2396,-17.723153,3.76311966,36.78284099,9.774560554
Control,0,0,B,3,B3,2.3406,-18.13223,2.572475416,32.90595035,12.79155095
Control,0,0,B,4,B4,2.4136,-20.235494,4.935734201,46.07617085,9.335221262
Control,0,0,B,5,B5,2.4628,-19.042629,4.513646413,44.76544694,9.917801006
Control,0,0,B,6,B6,2.5658,-17.341996,2.962546129,39.50384228,13.33442268
Control,0,0,B,7,B7,2.0358,-19.541664,4.425444132,44.51115757,10.05800915
Control,0,0,B,8,B8,1.1918,-18.7344015,4.386624743,42.19945137,9.620027662
Control,0,0,C,1,C1,1.1738,-18.8244235,4.431369305,41.54701958,9.375661725
Control,0,0,C,2,C2,3.0348,-17.8185255,5.298142098,48.19447468,9.096485861
Control,0,0,C,3,C3,1.7768,-19.770633,4.755295226,39.0466129,8.211185856
Control,0,0,C,4,C4,2.3868,-18.6248095,3.951077126,37.20990621,9.417661319
Control,0,0,C,5,C5,3.5718,-16.835133,3.679121239,41.24602197,11.21083522
Control,0,0,C,6,C6,3.5708,-18.0396665,4.431639196,46.7770211,10.55524131
Control,0,0,C,7,C7,2.8668,-18.5719705,3.702840163,41.64578832,11.24698515
Control,0,0,C,8,C8,2.3308,-19.42033,4.152834044,42.15477705,10.15084557
Enriched,5,7,A,2,A2,2.1984,-17.422032,3.080148378,30.8279492,10.00859226
Enriched,5,7,A,4,A4,1.9984,-18.1319024,3.629657852,35.80168898,9.863653942
Enriched,5,7,A,6,A6,2.0264,-14.4861968,3.257644368,33.03504744,10.14077772
Enriched,5,7,A,8,A8,2.2164,-19.18196,3.384925711,28.73363964,8.488706133
Enriched,5,7,B,2,B2,1.3994,-18.3580384,3.207312614,37.31449899,11.63419457
Enriched,5,7,B,4,B4,1.0314,-19.712888,4.355263308,39.14078044,8.98700668
Enriched,5,7,B,6,B6,2.1614,-16.5007736,4.233059628,38.92236964,9.194855036
Enriched,5,7,B,8,B8,2.4434,-16.9166672,3.121580988,34.64987923,11.1001058
Enriched,5,7,C,2,C2,1.9124,-18.036532,3.326809731,35.067028,10.54073748
Enriched,5,7,C,4,C4,0.7944,-17.1044584,3.320025888,33.18603222,9.995714896
Enriched,5,7,C,6,C6,1.5424,-18.5458296,3.798540742,39.76876246,10.46948425
Enriched,5,7,C,8,C8,2.7324,-17.5754112,3.172425063,30.88507445,9.735478012
Control,5,7,A,2,A2,2.239166667,-15.3786348,3.752165371,36.82124091,9.813331042
Control,5,7,A,4,A4,2.031166667,-18.7906056,2.697703925,33.19124556,12.3035168
Control,5,7,A,6,A6,1.756166667,-19.050169,3.970541274,41.37210467,10.41976441
Control,5,7,A,8,A8,2.253166667,-18.594447,3.804125824,41.77411892,10.98126636
Control,5,7,B,2,B2,2.254166667,-17.8860965,2.897093864,31.32656812,10.81310085
Control,5,7,B,4,B4,2.253166667,-20.07059,2.643681892,34.93689678,13.2152423
Control,5,7,B,6,B6,3.113166667,-17.2104391,2.732361582,33.03995574,12.09208765
Control,5,7,B,8,B8,1.859166667,-17.7602776,2.485454206,33.78766642,13.59416172
Control,5,7,C,2,C2,2.050166667,-19.3424255,3.575272031,35.81129539,10.01638339
Control,5,7,C,4,C4,2.829166667,-17.7810823,2.749000424,28.7343371,10.4526492
Control,5,7,C,6,C6,1.848166667,-17.851422,2.905819961,34.89650778,12.00917753
Control,5,7,C,8,C8,2.771166667,-18.7816893,2.691440824,32.59087993,12.10908285
Enriched,6,10,A,2,A2,1.551166667,-17.7265938,3.274579652,34.08648472,10.40942299
Enriched,6,10,A,4,A4,2.247166667,-17.0856109,4.055497194,36.77334315,9.067530167
Enriched,6,10,A,6,A6,0.861166667,-16.553605,3.388366447,33.28339508,9.822844015
Enriched,6,10,A,8,A8,1.115166667,-19.6019889,3.548040479,36.42764623,10.26697594
Enriched,6,10,B,2,B2,1.435166667,-17.9911107,2.608834052,31.27384496,11.98767125
Enriched,6,10,B,4,B4,1.394166667,-18.5558097,3.033414483,35.67637563,11.76112787
Enriched,6,10,B,6,B6,2.062166667,-16.474349,2.856825065,29.58504537,10.35591774
Enriched,6,10,B,8,B8,1.717166667,-16.8527964,2.600871713,27.37213202,10.52421459
Enriched,6,10,C,1,C1,1.612166667,-16.9092663,3.024816882,25.13115622,8.308323182
Enriched,6,10,C,3,C3,1.041166667,-17.6215796,2.918884041,28.62543208,9.806978172
Enriched,6,10,C,6,C6,2.234166667,-15.9373896,3.64884883,34.72254724,9.51602789
Enriched,6,10,C,8,C8,2.625166667,-16.8636941,2.473919775,28.46692353,11.50680949
Control,6,10,A,2,A2,2.267166667,-16.563512,3.276362275,33.45506102,10.2110384
Control,6,10,A,4,A4,2.613166667,-19.3453976,2.973706204,34.05147667,11.45085437
Control,6,10,A,6,A6,2.228166667,-18.9193966,3.076937112,35.94383625,11.6816935
Control,6,10,A,8,A8,2.857166667,-18.6519076,2.850828968,33.5808964,11.77934446
Control,6,10,B,2,B2,1.976166667,-18.2467113,2.351653478,33.79720997,14.37167945
Control,6,10,B,4,B4,2.597166667,-19.3741279,2.938972633,35.5631996,12.10055487
Control,6,10,B,6,B6,3.136166667,-18.7202659,2.913847459,34.82967333,11.95315603
Control,6,10,B,8,B8,1.446166667,-18.2011391,2.750295397,38.65752559,14.05577221
Control,6,10,C,2,C2,1.868,-17.2169865,2.847390932,30.71468584,10.7869578
Control,6,10,C,4,C4,3.174,-18.8720271,2.538764195,30.67945004,12.08440315
Control,6,10,C,6,C6,0.825,-18.8018487,3.064707822,33.00747519,10.77018663
Control,6,10,C,8,C8,1.886,-20.1128202,4.041439838,45.23639657,11.19313868
Enriched,7,14,A,2,A2,0.956,-16.6935726,3.563140266,35.75356099,10.0342839
Enriched,7,14,A,4,A4,1.454,-17.1331623,4.019309565,37.97271125,9.447570692
Enriched,7,14,A,6,A6,-0.4,-15.5755917,2.982360898,30.55913022,10.24662382
Enriched,7,14,A,8,A8,0.492,-19.2209697,4.286678452,40.46679649,9.440128747
Enriched,7,14,B,2,B2,0.738,-19.3710735,3.568997832,39.62188606,11.10168398
Enriched,7,14,B,4,B4,1.003,-18.1595214,3.306442707,34.75283411,10.51064155
Enriched,7,14,B,6,B6,1.136,-15.4342602,2.476714904,25.41024744,10.25965782
Enriched,7,14,B,8,B8,1.53,-16.8475752,2.872407362,30.33906132,10.56224187
Enriched,7,14,C,1,C1,0.537,-17.7891354,2.843573819,23.02497512,8.097196199
Enriched,7,14,C,3,C3,1.741,-17.0698068,3.306062166,33.52601145,10.14076861
Enriched,7,14,C,6,C6,0.996,-17.6205123,4.497439081,37.26578767,8.286001656
Enriched,7,14,C,8,C8,2.111,-16.6399641,2.694018511,28.3543379,10.52492319
Control,7,14,A,2,A2,2.123,-17.2091889,2.712878388,30.24116218,11.14726053
Control,7,14,A,4,A4,2.247,-17.6010183,3.472328583,39.91092795,11.49399516
Control,7,14,A,6,A6,1.666,-19.7590041,3.216777549,38.59403182,11.99773103
Control,7,14,A,8,A8,2.106,-16.8729174,3.067293645,41.80692658,13.62990683
Control,7,14,B,2,B2,1.037,-19.6235208,2.550210201,34.26535858,13.43628795
Control,7,14,B,4,B4,2.722,-20.8857573,3.127044815,36.48621,11.66795239
Control,7,14,B,6,B6,1.315,-19.9393236,3.265534316,44.60871634,13.66046473
Control,7,14,B,8,B8,3.028,-17.5893219,2.828866542,35.13913777,12.42163151
Control,7,14,C,2,C2,2.048,-19.5747858,2.936108499,34.11372999,11.61868848
Control,7,14,C,4,C4,3.333,-18.8418114,3.159688093,40.51792164,12.82339283
Control,7,14,C,6,C6,2.205,-19.2277926,3.072812531,35.93893766,11.69577945
Control,7,14,C,8,C8,2.617,-18.5250339,2.403558531,35.72927072,14.86515525
Enriched,8,20,A,1,A1,0.773,-18.8642295,4.436224137,45.25548251,10.20135167
Enriched,8,20,A,2,A2,0.819,-17.6556015,3.671731927,41.91049318,11.4143663
Enriched,8,20,A,3,A3,0.727,-19.093284,4.242799072,46.91046338,11.0564895
Enriched,8,20,A,4,A4,1.074,-17.2140624,4.092243793,42.15485836,10.30116007
Enriched,8,20,A,5,A5,1.792,-15.389565,3.189495504,30.18983048,9.465393648
Enriched,8,20,A,6,A6,0.285,-16.74,4.533504597,45.40742669,10.01596573
Enriched,8,20,A,7,A7,0.126,-16.985265,2.832551741,25.28754097,8.927477159
Enriched,8,20,A,8,A8,0.686,-17.84911,3.524530606,39.28330779,11.14568497
Enriched,8,20,B,2,B2,0.775,-18.88533,2.464810442,29.29423278,11.88498405
Enriched,8,20,B,3,B3,1.147,-18.11309,3.715753838,36.7040871,9.877965199
Enriched,8,20,B,4,B4,-0.159,-19.518685,4.174915869,43.29422718,10.37008374
Enriched,8,20,B,5,B5,-0.557,-18.15052,3.34687073,31.59817471,9.441109998
Enriched,8,20,B,6,B6,0.701,-16.165745,2.451619641,21.25914871,8.671471038
Enriched,8,20,B,7,B7,1.716,-18.949355,3.826635379,41.5441584,10.85657615
Enriched,8,20,B,8,B8,1.052,-17.456095,2.955515104,31.070915,10.51285949
Enriched,8,20,C,1,C1,0.719,-16.937985,4.342732095,38.38270391,8.838377102
Enriched,8,20,C,3,C3,1.212,-17.35464,3.688975683,38.02549718,10.30787418
Enriched,8,20,C,5,C5,0.14,-18.699165,4.259597605,39.1822932,9.198590297
Enriched,8,20,C,6,C6,1.275,-16.394265,3.358256209,29.93973004,8.915260833
Enriched,8,20,C,7,C7,1.888,-18.47754,3.100785659,34.28874908,11.05808426
Enriched,8,20,C,8,C8,2.008,-16.835545,2.642131382,29.12737749,11.02419724
Control,8,20,A,1,A1,1.099,-19.004515,3.60499494,36.12217849,10.02003584
Control,8,20,A,2,A2,2.176,-15.665365,2.49195833,28.16191616,11.30111841
Control,8,20,A,3,A3,1.393,-19.073465,2.5100535,40.73646873,16.22932289
Control,8,20,A,4,A4,2.123,-17.964355,2.415720811,29.17754957,12.07819606
Control,8,20,A,5,A5,1.942,-19.290165,2.807778936,35.13532264,12.51356444
Control,8,20,A,6,A6,1.697,-19.45466,2.958514523,34.90196187,11.79712372
Control,8,20,A,7,A7,1.709,-17.02171,2.965659614,38.17411031,12.87204712
Control,8,20,A,8,A8,1.993,-18.750385,2.795162243,33.19808704,11.87698035
Control,8,20,B,1,B1,1.982,-18.874495,1.910231495,30.9512455,16.20287676
Control,8,20,B,2,B2,2.384,-19.19856,1.675454951,24.01240537,14.33187168
Control,8,20,B,3,B3,2.416,-19.319715,2.842346287,34.85478884,12.26268207
Control,8,20,B,4,B4,2.169,-19.46648,2.171323571,35.16500732,16.19519439
Control,8,20,B,5,B5,2.3142,-18.2018125,2.350924103,34.21794977,14.55510611
Control,8,20,B,6,B6,3.2692,-16.80055,2.213086557,31.0097371,14.01198566
Control,8,20,B,7,B7,1.6122,-19.093525,2.625965476,38.10202478,14.50972038
Control,8,20,B,8,B8,1.3322,-18.0181375,2.497504628,34.92645131,13.98453917
Control,8,20,C,1,C1,2.5982,-18.5454625,3.32152735,40.09946508,12.07259819
Control,8,20,C,2,C2,1.8452,-19.9832625,2.921998691,33.38537448,11.42552684
Control,8,20,C,3,C3,2.3612,-18.8397375,2.688022574,38.0665776,14.16155429
Control,8,20,C,4,C4,3.2372,-20.1590375,2.75761231,39.98527729,14.4999633
Control,8,20,C,5,C5,3.3202,-18.7864125,2.818922122,38.37244044,13.61245142
Control,8,20,C,6,C6,1.7732,-19.0095875,2.503727453,30.99051273,12.3777501
Control,8,20,C,7,C7,2.9352,-18.7785125,2.699508292,38.47783571,14.25364605
Control,8,20,C,8,C8,1.9202,-19.72355,2.773859779,38.03873254,13.71328603
Enriched,9,26,A,2,A2,0.8192,-17.28245,3.11058904,35.18545323,11.31150813
Enriched,9,26,A,3,A3,0.4602,-19.1952375,3.929953101,45.53944582,11.58778353
Enriched,9,26,A,6,A6,-0.2568,-16.4894875,3.160927982,35.58980106,11.25928881
Enriched,9,26,A,8,A8,0.6112,-16.8914,2.57936965,26.16758584,10.14495377
Enriched,9,26,B,2,B2,-0.0228,-17.821625,2.226655589,25.92724465,11.64403008
Enriched,9,26,B,4,B4,0.0062,-18.572125,2.961161534,33.53374879,11.32452533
Enriched,9,26,B,6,B6,0.3002,-15.7547875,4.296546816,34.94400696,8.133044618
Enriched,9,26,B,8,B8,0.9242,-17.035575,3.005271995,28.78002317,9.576511949
Enriched,9,26,C,1,C1,0.8722,-14.8107375,3.744658585,39.16147981,10.45795736
Enriched,9,26,C,3,C3,0.8852,-16.2386625,3.384103694,32.33888815,9.556116206
Enriched,9,26,C,6,C6,0.5452,-16.0233875,2.95476335,27.94911482,9.459002805
Enriched,9,26,C,8,C8,2.1672,-16.2485375,3.066999771,33.27602024,10.84969766
Control,9,26,A,2,A2,1.6952,-15.5474125,2.476386789,28.14857068,11.36679084
Control,9,26,A,4,A4,2.3032,-18.098125,2.360768383,30.40275007,12.87832821
Control,9,26,A,6,A6,1.8242,-20.1333625,2.832465899,34.64167125,12.23021653
Control,9,26,A,8,A8,1.8102,-20.0356,3.042001844,40.1021772,13.18282475
Control,9,26,B,2,B2,1.6792,-18.6856875,2.296272451,34.62908267,15.08056357
Control,9,26,B,4,B4,2.4352,-18.7804875,2.88381335,40.4765145,14.03576085
Control,9,26,B,6,B6,2.609,-19.204543,2.484604077,36.50875738,14.693994
Control,9,26,B,8,B8,1.209,-18.391585,2.507191056,38.29211745,15.27291562
Control,9,26,C,2,C2,1.4272,-15.005249,1.876761879,23.73212592,12.64525148
Control,9,26,C,4,C4,3.517,-19.917612,3.246574834,42.65365863,13.13804881
Control,9,26,C,6,C6,1.6,-17.508408,2.830739978,37.15262115,13.12470289
Control,9,26,C,8,C8,2.211,-19.602121,2.554446133,44.22225277,17.31187524
Enriched,10,36,A,2,A2,0.5,-15.915129,2.434194489,27.79046617,11.41669915
Enriched,10,36,A,3,A3,0.348,-19.015644,3.267325077,42.38950072,12.97376286
Enriched,10,36,A,6,A6,-0.138,-14.413827,2.62438461,31.16693827,11.87590346
Enriched,10,36,A,8,A8,0.64,-17.378849,2.625258662,36.35507596,13.84818817
Enriched,10,36,B,2,B2,-0.132,-18.491474,2.153457719,24.20535711,11.24022863
Enriched,10,36,B,3,B3,-0.081,-18.499386,3.362485522,31.46788592,9.358519381
Enriched,10,36,B,6,B6,0.409,-16.926876,3.500893622,34.05029305,9.726171866
Enriched,10,36,B,8,B8,1.423,-16.93281,3.574920902,42.03733289,11.75895468
Enriched,10,36,C,1,C1,0.53,-14.076578,2.658763767,24.75873027,9.312121137
Enriched,10,36,C,3,C3,1.179,-15.382058,3.692177614,37.76886183,10.22942712
Enriched,10,36,C,5,C5,0.273,-17.965326,3.042649644,33.30665616,10.94659591
Enriched,10,36,C,8,C8,1.33,-15.655022,2.86330404,30.77760857,10.74898374
Control,10,36,A,2,A2,2.009,-17.903019,3.019629623,35.39767165,11.72252099
Control,10,36,A,4,A4,1.872,-19.272784,2.4585279,29.41932125,11.96623445
Control,10,36,A,6,A6,2.056,-19.993765,3.564977625,41.20082265,11.55710554
Control,10,36,A,8,A8,1.758,-18.005875,2.610896482,28.83964443,11.04587816
Control,10,36,B,2,B2,2.71,-20.528814,2.77824931,36.47502279,13.12877957
Control,10,36,B,4,B4,1.587,-19.005754,2.178911792,32.73303601,15.02265311
Control,10,36,B,6,B6,2.447,-18.610154,2.105430645,28.89021187,13.72175898
Control,10,36,B,8,B8,1.561,-20.422991,2.42851214,34.32996731,14.136214
Control,10,36,C,2,C2,1.226,-20.240026,2.173822575,30.50460178,14.0327008
Control,10,36,C,4,C4,3.156,-19.72179,2.622863334,39.63519969,15.1114239
Control,10,36,C,6,C6,2.113,-17.79324,2.109273473,23.05800255,10.93172737
Control,10,36,C,8,C8,2.511,-19.426079,2.422500211,40.86431931,16.8686546
Enriched,11,42,A,1,A1,-0.625,-18.116091,3.7175277,37.27223425,10.02608111
Enriched,11,42,A,2,A2,0.611,-16.47758,2.515061029,32.45696406,12.90504035
Enriched,11,42,A,3,A3,0.579,-18.3826195,3.88212354,45.8506491,11.81071355
Enriched,11,42,A,4,A4,0.316,-15.236403,2.988406603,30.90842723,10.34277839
Enriched,11,42,A,5,A5,0.344,-15.112482,3.092708535,34.1687237,11.04815514
Enriched,11,42,A,6,A6,-0.106,-15.0819935,2.76714085,32.21833633,11.64318626
Enriched,11,42,A,8,A8,0.834,-16.406768,3.438021275,39.5781552,11.51189944
Enriched,11,42,B,3,B3,0.789,-18.1131405,2.340725495,25.98969899,11.10326651
Enriched,11,42,B,4,B4,0.229,-17.994137,2.685175712,30.5300534,11.3698531
Enriched,11,42,B,6,B6,0.546,-17.1925845,4.201751004,37.63422055,8.956794564
Enriched,11,42,C,3,C3,0.476,-16.7362405,3.458197053,32.49458491,9.39639483
Enriched,11,42,C,5,C5,0.488,-16.481514,3.082873585,34.89576785,11.31923411
Enriched,11,42,C,8,C8,1.632,-14.939386,3.023739815,33.34765397,11.02861225
Control,11,42,A,1,A1,1.152,-18.887155,2.397531087,37.1812182,15.50812768
Control,11,42,A,2,A2,1.902,-18.8428975,2.147287778,31.09272637,14.47999969
Control,11,42,A,3,A3,2.828,-18.0757675,2.170391299,35.84943026,16.5174963
Control,11,42,A,4,A4,2.238,-18.1839525,2.362427473,31.80989219,13.46491799
Control,11,42,A,5,A5,2.719,-16.371362,2.342624362,28.62280102,12.21826319
Control,11,42,A,6,A6,2.582,-19.9483515,2.997830446,39.70345105,13.24406158
Control,11,42,A,7,A7,1.633,-16.937858,2.478742504,27.89694928,11.25447651
Control,11,42,A,8,A8,0.954,-17.946929,2.572824444,30.70580819,11.93466902
Control,11,42,B,1,B1,2.913,-20.8059635,1.784921824,27.16924025,15.22152953
Control,11,42,B,2,B2,2.116,-18.2941045,2.876951347,34.67521007,12.05276207
Control,11,42,B,3,B3,2.667,-18.6540655,2.983155565,35.5287121,11.90977518
Control,11,42,B,4,B4,3.354,-21.10003,2.558160182,41.44978906,16.20296858
Control,11,42,B,5,B5,2.774,-18.826178,3.298318783,37.80808098,11.46283409
Control,11,42,B,6,B6,3.012,-18.1878865,2.35973096,33.79001101,14.31943369
Control,11,42,B,7,B7,2.727,-19.2638355,2.473439578,38.68434911,15.63990059
Control,11,42,B,8,B8,2.683,-18.48392,1.815432925,27.00850571,14.87717081
Control,11,42,C,1,C1,4.253,-18.6658675,1.957434359,33.00306918,16.86037084
Control,11,42,C,2,C2,4.3122,-18.507524,1.918446997,24.22889071,12.6294293
Control,11,42,C,3,C3,5.763,-16.562161,2.340988963,28.75255473,12.28222567
Control,11,42,C,4,C4,6.389,-19.870655,2.836294357,42.68896179,15.05096313
Control,11,42,C,5,C5,4.694,-20.3024115,2.747955874,39.43152901,14.349404
Control,11,42,C,7,C7,4.3338,-17.6567965,2.109909916,35.52303923,16.83628242
Control,11,42,C,8,C8,3.259,-20.2473355,2.059902876,34.7925718,16.8903943
