Treatment,Plot,Time_point,Days ,Replicate ,Silica,Nitrite,Nitrate,Phosphate,Silica_mol,Nitrite_mol,Nitrate_mol,Phosphate_mol
Control,B,0,0,1,80.265,3.668,20.98026087,1.752,1.335968708,0.079729598,0.338364563,0.018447649
Control,B,0,0,2,80.59,1.451,20.37104348,-1.465,1.341378162,0.031539707,0.328539252,-0.015425688
Control,B,5,7,1,81.346,3.758,45.83956522,4.171,1.353961385,0.081685885,0.739289398,0.043918461
Control,B,5,7,2,93.911,3.256,47.16447826,3.893,1.563099201,0.070774147,0.760657275,0.040991265
Control,B,6,10,1,80.864,2.524,33.35195652,-0.579,1.345938748,0.054863006,0.537892272,-0.006096569
Control,B,6,10,2,79.637,2.086,33.25895652,-0.771,1.325515979,0.045342405,0.53639239,-0.008118229
Control,B,7,14,1,85.055,3.078,50.97613043,2.52,1.415695739,0.066905044,0.822130677,0.026534289
Control,B,7,14,2,82.483,3.361,48.30069565,2.719,1.372886152,0.073056482,0.778981914,0.028629656
Control,B,8,20,1,51.272,1.168,9.669304348,-1.232,0.853395473,0.025388269,0.155944197,-0.012972319
Control,B,8,20,2,48.825,0.72,10.03995652,-0.679,0.812666445,0.015650303,0.161921986,-0.007149517
Control,B,9,26,1,59.552,3.089,82.84278261,-0.929,0.991211718,0.067144146,1.336068321,-0.009781887
Control,B,9,26,2,59.237,2.535,78.95295652,-0.451,0.985968708,0.055102107,1.273334148,-0.004748795
Control,B,10,36,1,67.642,1.92,56.95373913,0.061,1.125865513,0.04173414,0.918536102,0.000642298
Control,B,10,36,2,66.22,1.224,62.39086957,0.03,1.102197071,0.026605515,1.006224824,0.000315884
Control,B,11,42,1,83.315,1.914,39.65573913,7.225,1.386734354,0.041603721,0.63955815,0.076075493
Control,B,11,42,2,107.343,1.485,40.38356522,6.376,1.786667776,0.032278749,0.651296353,0.067135964
Control,A,0,0,1,71.524,2.879,23.30526087,0.871,1.190479361,0.062579474,0.375861599,0.009171177
Control,A,0,0,2,87.642,2.51,26.58721739,1.038,1.458754993,0.054558694,0.428792199,0.0109296
Control,A,5,7,1,85.643,3.201,46.39756522,2.89,1.42548269,0.069578637,0.748288687,0.030430197
Control,A,5,7,2,101.339,3.037,55.84582609,2.399,1.686734354,0.066013846,0.900667949,0.025260222
Control,A,6,10,1,92.386,2.324,39.06,0.448,1.537716378,0.050515699,0.629950214,0.004717207
Control,A,6,10,2,127.233,3.405,42.23278261,0.981,2.117726365,0.07401289,0.681120083,0.01032942
Control,A,7,14,1,82.608,3.061,52.65956522,2.091,1.374966711,0.066535523,0.849280706,0.022017143
Control,A,7,14,2,88.421,3.038,49.36413043,1.603,1.471721039,0.066035583,0.796132732,0.016878756
Control,A,8,20,1,85.684,0.981,20.99373913,1.321,1.426165113,0.021323537,0.338581937,0.013909443
Control,A,8,20,2,61.973,0.499,15.08352174,0.905,1.031507989,0.010846529,0.243263383,0.009529179
Control,A,9,26,1,70.781,1.284,83.11773913,3.857,1.178112517,0.027909706,1.340502753,0.040612204
Control,A,9,26,2,65.769,1.005,78.05126087,2.606,1.094690413,0.021845214,1.258791819,0.027439825
Control,A,10,36,1,65.027,1.394,57.009,0.233,1.082340213,0.030300725,0.919427336,0.002453369
Control,A,10,36,2,60.035,0.755,57.04404348,-0.266,0.999250999,0.016411081,0.919992508,-0.002800842
Control,A,11,42,1,95.656,3.236,39.0653913,6.795,1.592143808,0.070339416,0.630037163,0.071547816
Control,A,11,42,2,131.221,2.151,47.90173913,6.514,2.184104527,0.046755279,0.772547639,0.068589032
Enriched,B,0,0,1,72.382,3.511,19.02995652,1.24,1.20476032,0.076316962,0.306910527,0.013056555
Enriched,B,0,0,2,76.622,2.769,20.29826087,0.672,1.275332889,0.060188456,0.327365432,0.007075811
Enriched,B,5,7,1,81.239,2.463,48.73604348,1.334,1.352180426,0.053537077,0.786003098,0.014046326
Enriched,B,5,7,2,80.425,3.266,46.55121739,2.56,1.338631824,0.070991512,0.750766752,0.026955469
Enriched,B,6,10,1,77.662,2.265,37.36713043,2.755,1.292643142,0.049233244,0.602648024,0.029008717
Enriched,B,6,10,2,84.862,2.524,43.61295652,-0.098,1.412483356,0.054863006,0.703379193,-0.001031889
Enriched,B,7,14,1,76.804,2.297,54.67052174,1.342,1.278362184,0.049928813,0.881712925,0.014130562
Enriched,B,7,14,2,84.207,2.786,52.69595652,1.727,1.401581225,0.060557977,0.849867616,0.018184412
Enriched,B,8,20,1,73.712,2.202,39.17052174,2.606,1.22689747,0.047863842,0.631732681,0.027439825
Enriched,B,8,20,2,54.676,1.807,36.45195652,1.493,0.910053262,0.039277912,0.58788832,0.015720514
Enriched,B,9,26,1,72.884,2.606,93.58226087,1.036,1.213115846,0.056645401,1.509272023,0.010908541
Enriched,B,9,26,2,64.501,2.429,98.86034783,2.183,1.07358522,0.052798035,1.59439573,0.022985855
Enriched,B,10,36,1,78.91,2.338,68.39543478,2.205,1.313415446,0.050820011,1.103064996,0.023217503
Enriched,B,10,36,2,72.107,2.179,72.20573913,3.05,1.200183089,0.047363902,1.164516661,0.032114914
Enriched,B,11,42,1,68.353,1.805,42.55895652,5.593,1.137699734,0.039234439,0.686380536,0.058891381
Enriched,B,11,42,2,164.596,2.236,50.74565217,17.138,2.739613848,0.048602884,0.81841358,0.180454227
Control,C,0,0,1,74.459,3.091,19.51247826,0.445,1.239330892,0.067187619,0.31469252,0.004685619
Control,C,0,0,2,71.893,2.161,19.02186957,-0.572,1.196621172,0.046972645,0.306780102,-0.006022863
Control,C,5,7,1,95.589,2.887,49.817,4.993,1.591028628,0.062753366,0.803436503,0.052573693
Control,C,5,7,2,99.487,3.679,48.19421739,4.283,1.655908788,0.079968699,0.777264658,0.045097763
Control,C,6,10,2,79.853,1.926,35.29013043,0.125,1.329111185,0.04186456,0.569150671,0.001316185
Control,C,7,14,1,94.133,2.711,45.41365217,1.046,1.566794274,0.058927737,0.732420376,0.011013836
Control,C,7,14,2,118.442,3.361,48.06617391,1.936,1.971404794,0.073056482,0.775199604,0.020385073
Control,C,8,20,1,50.458,1.668,10.85943478,-0.572,0.839846871,0.036256535,0.175138332,-0.006022863
Control,C,8,20,2,49.001,1.189,11.0926087,-0.5,0.815595872,0.025844736,0.178898905,-0.00526474
Control,C,9,26,1,54.694,1.652,79.1996087,1.446,0.910352863,0.03590875,1.277312095,0.015225628
Control,C,9,26,2,50.138,2.484,82.25378261,0.985,0.834520639,0.053993544,1.326569071,0.010371538
Control,C,10,36,1,66.8,2.291,61.54847826,-0.613,1.111850866,0.049798394,0.992638941,-0.006454571
Control,C,10,36,2,67.31,1.764,57.70852174,-0.149,1.120339547,0.038343242,0.930709053,-0.001568893
Control,C,11,42,1,77.884,2.094,38.82278261,6.321,1.296338216,0.045516297,0.626124429,0.066556843
Control,C,11,42,2,76.53,1.693,38.58017391,6.813,1.273801598,0.036799948,0.622211695,0.071737347
Enriched,A,0,0,1,77.579,2.889,19.77934783,0.7,1.291261651,0.06279684,0.318996528,0.007370636
Enriched,A,0,0,2,129.885,2.489,25.08573913,0.85,2.16186751,0.054102227,0.404576721,0.008950058
Enriched,A,5,7,1,89.825,3.638,51.03947826,3.374,1.49508988,0.079077502,0.823152336,0.035526465
Enriched,A,5,7,2,109.55,2.866,55.96443478,4.053,1.82340213,0.062296899,0.902580841,0.042675982
Enriched,A,6,10,1,109.788,3.03,34.02721739,1.285,1.827363515,0.06586169,0.548782715,0.013530382
Enriched,A,6,10,2,82.059,2.777,35.51656522,2.894,1.365828895,0.060362348,0.572802556,0.030472315
Enriched,A,7,14,1,141.737,3.293,67.81991304,2.266,2.359137816,0.071578398,1.093783121,0.023859802
Enriched,A,7,14,2,92.183,2.997,67.08130435,1.84,1.53433755,0.065144385,1.081871019,0.019374243
Enriched,A,8,20,1,72.765,1.556,24.49269565,0.555,1.211135153,0.033822043,0.39501226,0.005843861
Enriched,A,8,20,2,94.492,1.277,28.05634783,2.208,1.57276964,0.027757551,0.452485978,0.023249092
Enriched,A,9,26,1,126.757,2.494,109.2035652,4.001,2.109803595,0.05421091,1.761208634,0.042128449
Enriched,A,9,26,2,87.461,3.68,105.3824783,3.884,1.455742344,0.079990436,1.699583069,0.0408965
Enriched,A,10,36,1,73.381,2.682,89.559,2.628,1.221388149,0.058297377,1.444385847,0.027671473
Enriched,A,10,36,2,75.658,2.07,84.73243478,2.854,1.259287617,0.04499462,1.366544173,0.030051136
Enriched,A,11,42,1,122.943,1.713,45.51743478,5.167,2.046321571,0.037234678,0.734094157,0.054405823
Enriched,A,11,42,2,78.682,1.58,45.07804348,5.009,1.309620506,0.03434372,0.72700776,0.052742165
Enriched,C,0,0,1,82.281,2.373,22.67178261,0.153,1.369523968,0.051580789,0.365645015,0.00161101
Enriched,C,0,0,2,69.112,3.238,19.04208696,1.24,1.150332889,0.070382889,0.307106163,0.013056555
Enriched,C,5,7,1,81.831,2.863,47.49604348,2.417,1.362033955,0.06223169,0.766004678,0.025449753
Enriched,C,5,7,2,81.543,3.74,47.64834783,5.373,1.357240346,0.081294628,0.768461006,0.056574896
Enriched,C,6,10,1,90.797,1.814,33.33713043,-0.503,1.511268309,0.039430068,0.53765316,-0.005296328
Enriched,C,6,10,2,116.58,2.609,34.93295652,-0.847,1.940412783,0.056710611,0.563390257,-0.00891847
Enriched,C,7,14,1,76.588,2.589,52.421,0.428,1.274766977,0.05627588,0.845433184,0.004506617
Enriched,C,7,14,2,76.818,3.153,52.91834783,1.702,1.278595206,0.068535284,0.853454289,0.017921175
Enriched,C,8,20,1,53.104,1.158,26.82173913,0.782,0.883888149,0.025170903,0.432574508,0.008234053
Enriched,C,8,20,2,56.701,1.668,23.57886957,-0.088,0.943758322,0.036256535,0.380274294,-0.000926594
Enriched,C,9,26,1,66.006,3.041,103.6653478,5.252,1.098635153,0.066100792,1.671889606,0.055300829
Enriched,C,9,26,2,66.026,2.361,108.894913,5.935,1.098968043,0.051319951,1.756230766,0.062492464
Enriched,C,10,36,1,89.467,1.682,87.94295652,2.569,1.489131158,0.036560846,1.418322689,0.027050234
Enriched,C,10,36,2,136.468,2.719,76.42578261,2.545,2.271438083,0.059101629,1.2325765,0.026797526
Enriched,C,11,42,1,74.488,2.682,43.86634783,6.366,1.239813582,0.058297377,0.707465827,0.067030669
Enriched,C,11,42,2,100.588,2.073,46.11991304,6.335,1.674234354,0.04505983,0.74381078,0.066704256
